# Source: Maharashtra Agriculture Department district-wise APY (krishi.maharashtra.gov.in); 2025-26 rows are third advance estimates (provisional). Imported from the KISANAI research pack.
state,district,crop,season,crop_year,area_ha,production,production_unit,yield_kg_ha,estimate_status,source_url
Maharashtra,Ahilyanagar,chickpea,rabi,2025,102040.0,116326.0,tonnes,1140.0,third_advance_estimate_provisional,https://krishi.maharashtra.gov.in/Site/Upload/GR/DISTRICT%20WISE%20APY%20THIRD%20ADV%20EST%202025-26.pdf
Maharashtra,Ahilyanagar,cotton,kharif,2025,149799.0,46466.61,bales_170kg,310.19,third_advance_estimate_provisional,https://krishi.maharashtra.gov.in/Site/Upload/GR/DISTRICT%20WISE%20APY%20THIRD%20ADV%20EST%202025-26.pdf
Maharashtra,Ahilyanagar,groundnut,kharif,2025,4991.0,4767.0,tonnes,955.24,third_advance_estimate_provisional,https://krishi.maharashtra.gov.in/Site/Upload/GR/DISTRICT%20WISE%20APY%20THIRD%20ADV%20EST%202025-26.pdf
Maharashtra,Ahilyanagar,groundnut,summer,2025,5931.0,6228.0,tonnes,1050.0,third_advance_estimate_provisional,https://krishi.maharashtra.gov.in/Site/Upload/GR/DISTRICT%20WISE%20APY%20THIRD%20ADV%20EST%202025-26.pdf
Maharashtra,Ahilyanagar,maize,kharif,2025,110154.0,288637.0,tonnes,2620.31,third_advance_estimate_provisional,https://krishi.maharashtra.gov.in/Site/Upload/GR/DISTRICT%20WISE%20APY%20THIRD%20ADV%20EST%202025-26.pdf
Maharashtra,Ahilyanagar,maize,rabi,2025,58181.0,139054.0,tonnes,2390.0,third_advance_estimate_provisional,https://krishi.maharashtra.gov.in/Site/Upload/GR/DISTRICT%20WISE%20APY%20THIRD%20ADV%20EST%202025-26.pdf
Maharashtra,Ahilyanagar,maize,summer,2025,4686.0,8575.0,tonnes,1830.0,third_advance_estimate_provisional,https://krishi.maharashtra.gov.in/Site/Upload/GR/DISTRICT%20WISE%20APY%20THIRD%20ADV%20EST%202025-26.pdf
Maharashtra,Ahilyanagar,pearl_millet,kharif,2025,62874.0,77001.0,tonnes,1224.69,third_advance_estimate_provisional,https://krishi.maharashtra.gov.in/Site/Upload/GR/DISTRICT%20WISE%20APY%20THIRD%20ADV%20EST%202025-26.pdf
Maharashtra,Ahilyanagar,pearl_millet,summer,2025,3057.0,2782.0,tonnes,910.0,third_advance_estimate_provisional,https://krishi.maharashtra.gov.in/Site/Upload/GR/DISTRICT%20WISE%20APY%20THIRD%20ADV%20EST%202025-26.pdf
Maharashtra,Ahilyanagar,pigeon_pea,kharif,2025,72411.0,59316.0,tonnes,819.15,third_advance_estimate_provisional,https://krishi.maharashtra.gov.in/Site/Upload/GR/DISTRICT%20WISE%20APY%20THIRD%20ADV%20EST%202025-26.pdf
Maharashtra,Ahilyanagar,rice,kharif,2025,20144.0,9368.0,tonnes,465.07,third_advance_estimate_provisional,https://krishi.maharashtra.gov.in/Site/Upload/GR/DISTRICT%20WISE%20APY%20THIRD%20ADV%20EST%202025-26.pdf
Maharashtra,Ahilyanagar,sorghum,rabi,2025,120524.0,109064.0,tonnes,904.91,third_advance_estimate_provisional,https://krishi.maharashtra.gov.in/Site/Upload/GR/DISTRICT%20WISE%20APY%20THIRD%20ADV%20EST%202025-26.pdf
Maharashtra,Ahilyanagar,soybean,kharif,2025,185166.0,134437.0,tonnes,726.03,third_advance_estimate_provisional,https://krishi.maharashtra.gov.in/Site/Upload/GR/DISTRICT%20WISE%20APY%20THIRD%20ADV%20EST%202025-26.pdf
Maharashtra,Ahilyanagar,soybean,summer,2025,24.0,36.0,tonnes,1500.0,third_advance_estimate_provisional,https://krishi.maharashtra.gov.in/Site/Upload/GR/DISTRICT%20WISE%20APY%20THIRD%20ADV%20EST%202025-26.pdf
Maharashtra,Ahilyanagar,sugarcane,kharif,2025,134831.0,11987943.0,tonnes,88910.0,third_advance_estimate_provisional,https://krishi.maharashtra.gov.in/Site/Upload/GR/DISTRICT%20WISE%20APY%20THIRD%20ADV%20EST%202025-26.pdf
Maharashtra,Ahilyanagar,wheat,rabi,2025,158412.0,412821.0,tonnes,2606.0,third_advance_estimate_provisional,https://krishi.maharashtra.gov.in/Site/Upload/GR/DISTRICT%20WISE%20APY%20THIRD%20ADV%20EST%202025-26.pdf
Maharashtra,Ahmednagar,chickpea,rabi,2023,101702.0,105150.0,tonnes,1033.91,final_advance_estimate,https://krishi.maharashtra.gov.in/Site/Upload/GR/DISTRICTWISE%20APY-2023-24.pdf
Maharashtra,Ahmednagar,cotton,kharif,2023,156571.0,26209.92,bales_170kg,167.4,final_advance_estimate,https://krishi.maharashtra.gov.in/Site/Upload/GR/DISTRICTWISE%20APY-2023-24.pdf
Maharashtra,Ahmednagar,groundnut,kharif,2023,5281.0,1957.0,tonnes,370.6,final_advance_estimate,https://krishi.maharashtra.gov.in/Site/Upload/GR/DISTRICTWISE%20APY-2023-24.pdf
Maharashtra,Ahmednagar,groundnut,summer,2023,5241.0,7331.0,tonnes,1398.71,final_advance_estimate,https://krishi.maharashtra.gov.in/Site/Upload/GR/DISTRICTWISE%20APY-2023-24.pdf
Maharashtra,Ahmednagar,maize,kharif,2023,85776.0,113122.0,tonnes,1318.8,final_advance_estimate,https://krishi.maharashtra.gov.in/Site/Upload/GR/DISTRICTWISE%20APY-2023-24.pdf
Maharashtra,Ahmednagar,maize,rabi,2023,43159.0,116934.0,tonnes,2709.4,final_advance_estimate,https://krishi.maharashtra.gov.in/Site/Upload/GR/DISTRICTWISE%20APY-2023-24.pdf
Maharashtra,Ahmednagar,maize,summer,2023,5791.0,11033.0,tonnes,1905.0,final_advance_estimate,https://krishi.maharashtra.gov.in/Site/Upload/GR/DISTRICTWISE%20APY-2023-24.pdf
Maharashtra,Ahmednagar,pearl_millet,kharif,2023,82636.0,33877.0,tonnes,409.96,final_advance_estimate,https://krishi.maharashtra.gov.in/Site/Upload/GR/DISTRICTWISE%20APY-2023-24.pdf
Maharashtra,Ahmednagar,pearl_millet,summer,2023,4685.0,4263.0,tonnes,910.0,final_advance_estimate,https://krishi.maharashtra.gov.in/Site/Upload/GR/DISTRICTWISE%20APY-2023-24.pdf
Maharashtra,Ahmednagar,pigeon_pea,kharif,2023,60736.0,34255.0,tonnes,564.0,final_advance_estimate,https://krishi.maharashtra.gov.in/Site/Upload/GR/DISTRICTWISE%20APY-2023-24.pdf
Maharashtra,Ahmednagar,rice,kharif,2023,18522.0,8927.0,tonnes,482.0,final_advance_estimate,https://krishi.maharashtra.gov.in/Site/Upload/GR/DISTRICTWISE%20APY-2023-24.pdf
Maharashtra,Ahmednagar,sorghum,kharif,2023,149.0,19.0,tonnes,126.47,final_advance_estimate,https://krishi.maharashtra.gov.in/Site/Upload/GR/DISTRICTWISE%20APY-2023-24.pdf
Maharashtra,Ahmednagar,sorghum,rabi,2023,191102.0,177010.0,tonnes,926.26,final_advance_estimate,https://krishi.maharashtra.gov.in/Site/Upload/GR/DISTRICTWISE%20APY-2023-24.pdf
Maharashtra,Ahmednagar,soybean,kharif,2023,186244.0,84387.0,tonnes,453.1,final_advance_estimate,https://krishi.maharashtra.gov.in/Site/Upload/GR/DISTRICTWISE%20APY-2023-24.pdf
Maharashtra,Ahmednagar,soybean,summer,2023,186.0,279.0,tonnes,1500.0,final_advance_estimate,https://krishi.maharashtra.gov.in/Site/Upload/GR/DISTRICTWISE%20APY-2023-24.pdf
Maharashtra,Ahmednagar,sugarcane,kharif,2023,152331.0,9139860.0,tonnes,60000.0,final_advance_estimate,https://krishi.maharashtra.gov.in/Site/Upload/GR/DISTRICTWISE%20APY-2023-24.pdf
Maharashtra,Ahmednagar,wheat,rabi,2023,114387.0,252463.0,tonnes,2207.1,final_advance_estimate,https://krishi.maharashtra.gov.in/Site/Upload/GR/DISTRICTWISE%20APY-2023-24.pdf
Maharashtra,Pune,chickpea,rabi,2023,23200.0,24500.0,tonnes,1056.05,final_advance_estimate,https://krishi.maharashtra.gov.in/Site/Upload/GR/DISTRICTWISE%20APY-2023-24.pdf
Maharashtra,Pune,chickpea,rabi,2025,25160.0,27525.0,tonnes,1094.0,third_advance_estimate_provisional,https://krishi.maharashtra.gov.in/Site/Upload/GR/DISTRICT%20WISE%20APY%20THIRD%20ADV%20EST%202025-26.pdf
Maharashtra,Pune,cotton,kharif,2023,1310.0,276.59,bales_170kg,211.24,final_advance_estimate,https://krishi.maharashtra.gov.in/Site/Upload/GR/DISTRICTWISE%20APY-2023-24.pdf
Maharashtra,Pune,cotton,kharif,2025,1959.0,940.44,bales_170kg,480.0,third_advance_estimate_provisional,https://krishi.maharashtra.gov.in/Site/Upload/GR/DISTRICT%20WISE%20APY%20THIRD%20ADV%20EST%202025-26.pdf
Maharashtra,Pune,groundnut,kharif,2023,7166.0,9273.0,tonnes,1294.0,final_advance_estimate,https://krishi.maharashtra.gov.in/Site/Upload/GR/DISTRICTWISE%20APY-2023-24.pdf
Maharashtra,Pune,groundnut,kharif,2025,6340.0,7460.0,tonnes,1176.58,third_advance_estimate_provisional,https://krishi.maharashtra.gov.in/Site/Upload/GR/DISTRICT%20WISE%20APY%20THIRD%20ADV%20EST%202025-26.pdf
Maharashtra,Pune,groundnut,summer,2023,2829.0,5610.0,tonnes,1983.11,final_advance_estimate,https://krishi.maharashtra.gov.in/Site/Upload/GR/DISTRICTWISE%20APY-2023-24.pdf
Maharashtra,Pune,groundnut,summer,2025,4152.0,8159.0,tonnes,1965.0,third_advance_estimate_provisional,https://krishi.maharashtra.gov.in/Site/Upload/GR/DISTRICT%20WISE%20APY%20THIRD%20ADV%20EST%202025-26.pdf
Maharashtra,Pune,maize,kharif,2023,24346.0,48777.0,tonnes,2003.5,final_advance_estimate,https://krishi.maharashtra.gov.in/Site/Upload/GR/DISTRICTWISE%20APY-2023-24.pdf
Maharashtra,Pune,maize,kharif,2025,38016.0,103282.0,tonnes,2716.76,third_advance_estimate_provisional,https://krishi.maharashtra.gov.in/Site/Upload/GR/DISTRICT%20WISE%20APY%20THIRD%20ADV%20EST%202025-26.pdf
Maharashtra,Pune,maize,rabi,2023,22418.0,61042.0,tonnes,2722.9,final_advance_estimate,https://krishi.maharashtra.gov.in/Site/Upload/GR/DISTRICTWISE%20APY-2023-24.pdf
Maharashtra,Pune,maize,rabi,2025,31015.0,111654.0,tonnes,3600.0,third_advance_estimate_provisional,https://krishi.maharashtra.gov.in/Site/Upload/GR/DISTRICT%20WISE%20APY%20THIRD%20ADV%20EST%202025-26.pdf
Maharashtra,Pune,maize,summer,2023,4955.0,8662.0,tonnes,1748.0,final_advance_estimate,https://krishi.maharashtra.gov.in/Site/Upload/GR/DISTRICTWISE%20APY-2023-24.pdf
Maharashtra,Pune,maize,summer,2025,8091.0,14733.0,tonnes,1821.0,third_advance_estimate_provisional,https://krishi.maharashtra.gov.in/Site/Upload/GR/DISTRICT%20WISE%20APY%20THIRD%20ADV%20EST%202025-26.pdf
Maharashtra,Pune,pearl_millet,kharif,2023,24338.0,27113.0,tonnes,1114.02,final_advance_estimate,https://krishi.maharashtra.gov.in/Site/Upload/GR/DISTRICTWISE%20APY-2023-24.pdf
Maharashtra,Pune,pearl_millet,kharif,2025,37861.0,59645.0,tonnes,1575.36,third_advance_estimate_provisional,https://krishi.maharashtra.gov.in/Site/Upload/GR/DISTRICT%20WISE%20APY%20THIRD%20ADV%20EST%202025-26.pdf
Maharashtra,Pune,pearl_millet,summer,2023,3889.0,3539.0,tonnes,910.0,final_advance_estimate,https://krishi.maharashtra.gov.in/Site/Upload/GR/DISTRICTWISE%20APY-2023-24.pdf
Maharashtra,Pune,pearl_millet,summer,2025,4928.0,4529.0,tonnes,919.0,third_advance_estimate_provisional,https://krishi.maharashtra.gov.in/Site/Upload/GR/DISTRICT%20WISE%20APY%20THIRD%20ADV%20EST%202025-26.pdf
Maharashtra,Pune,pigeon_pea,kharif,2023,891.0,218.0,tonnes,245.1,final_advance_estimate,https://krishi.maharashtra.gov.in/Site/Upload/GR/DISTRICTWISE%20APY-2023-24.pdf
Maharashtra,Pune,pigeon_pea,kharif,2025,1222.0,927.0,tonnes,758.77,third_advance_estimate_provisional,https://krishi.maharashtra.gov.in/Site/Upload/GR/DISTRICT%20WISE%20APY%20THIRD%20ADV%20EST%202025-26.pdf
Maharashtra,Pune,rice,kharif,2023,60690.0,156076.0,tonnes,2571.68,final_advance_estimate,https://krishi.maharashtra.gov.in/Site/Upload/GR/DISTRICTWISE%20APY-2023-24.pdf
Maharashtra,Pune,rice,kharif,2025,59931.0,155308.0,tonnes,2591.47,third_advance_estimate_provisional,https://krishi.maharashtra.gov.in/Site/Upload/GR/DISTRICT%20WISE%20APY%20THIRD%20ADV%20EST%202025-26.pdf
Maharashtra,Pune,sorghum,kharif,2023,111.0,15.0,tonnes,134.9,final_advance_estimate,https://krishi.maharashtra.gov.in/Site/Upload/GR/DISTRICTWISE%20APY-2023-24.pdf
Maharashtra,Pune,sorghum,rabi,2023,82637.0,77060.0,tonnes,932.51,final_advance_estimate,https://krishi.maharashtra.gov.in/Site/Upload/GR/DISTRICTWISE%20APY-2023-24.pdf
Maharashtra,Pune,sorghum,rabi,2025,77006.0,68461.0,tonnes,889.03,third_advance_estimate_provisional,https://krishi.maharashtra.gov.in/Site/Upload/GR/DISTRICT%20WISE%20APY%20THIRD%20ADV%20EST%202025-26.pdf
Maharashtra,Pune,soybean,kharif,2023,44484.0,91784.0,tonnes,2063.3,final_advance_estimate,https://krishi.maharashtra.gov.in/Site/Upload/GR/DISTRICTWISE%20APY-2023-24.pdf
Maharashtra,Pune,soybean,kharif,2025,43841.0,96258.0,tonnes,2195.61,third_advance_estimate_provisional,https://krishi.maharashtra.gov.in/Site/Upload/GR/DISTRICT%20WISE%20APY%20THIRD%20ADV%20EST%202025-26.pdf
Maharashtra,Pune,soybean,summer,2023,19.0,28.0,tonnes,1500.0,final_advance_estimate,https://krishi.maharashtra.gov.in/Site/Upload/GR/DISTRICTWISE%20APY-2023-24.pdf
Maharashtra,Pune,soybean,summer,2025,15.0,23.0,tonnes,1500.0,third_advance_estimate_provisional,https://krishi.maharashtra.gov.in/Site/Upload/GR/DISTRICT%20WISE%20APY%20THIRD%20ADV%20EST%202025-26.pdf
Maharashtra,Pune,sugarcane,kharif,2023,143452.0,14919008.0,tonnes,104000.0,final_advance_estimate,https://krishi.maharashtra.gov.in/Site/Upload/GR/DISTRICTWISE%20APY-2023-24.pdf
Maharashtra,Pune,sugarcane,kharif,2025,136514.0,14743512.0,tonnes,108000.0,third_advance_estimate_provisional,https://krishi.maharashtra.gov.in/Site/Upload/GR/DISTRICT%20WISE%20APY%20THIRD%20ADV%20EST%202025-26.pdf
Maharashtra,Pune,wheat,rabi,2023,36608.0,88028.0,tonnes,2404.6,final_advance_estimate,https://krishi.maharashtra.gov.in/Site/Upload/GR/DISTRICTWISE%20APY-2023-24.pdf
Maharashtra,Pune,wheat,rabi,2025,48282.0,123119.0,tonnes,2550.0,third_advance_estimate_provisional,https://krishi.maharashtra.gov.in/Site/Upload/GR/DISTRICT%20WISE%20APY%20THIRD%20ADV%20EST%202025-26.pdf
